{
	"audit_logs": "",
	"cadvisor_enabled": false,
	"cloud_provider": "",
	"cluster_id": "w2aqaqst6v00s1znj0q8tcw0v",
	"cluster_label": "default",
	"cluster_start": "2024-07-29T08:55:00Z",
	"container_count": 65,
	"containerd_version": [
		{
			"Name": "dtr",
			"ID": "vcm53hi6iuo6rbapavto6nlqr",
			"Version": "1.7.19"
		},
		{
			"Name": "ucp",
			"ID": "vop6e23qd4tyt2su8pukndqcl",
			"Version": "1.7.19"
		}
	],
	"content_trust": false,
	"controller_count": 1,
	"coredns_lameduck_enabled": false,
	"cpus": 3,
	"engine_version": "27.1.1",
	"etcd_stats": [
		{
			"EndPoint": "https://157.245.102.235:12379",
			"DBSize": "3 MB",
			"DBSizeInUse": "1 MB",
			"DBMaxSize": "2GB"
		}
	],
	"gatekeeper_enabled": false,
	"graph_driver": "overlay2",
	"image_count": 41,
	"is_licensed": false,
	"kernel_version": "6.8.0-36-generic",
	"kube_container_count": 6,
	"kube_csidriver_count": 0,
	"kube_csidriver_list": null,
	"kube_customer_pod_count": 2,
	"kube_daemon_set_count": 4,
	"kube_deployment_count": 3,
	"kube_gmsa_enabled": false,
	"kube_gmsa_service_count": 0,
	"kube_gpu_node_count": 0,
	"kube_gpu_pod_count": 0,
	"kube_ingresses_count": 0,
	"kube_job_count": 0,
	"kube_linux_worker_node_count": 1,
	"kube_namespace_count": 5,
	"kube_pod_count": 8,
	"kube_proxy_mode": "iptables",
	"kube_pv_count": 0,
	"kube_pv_type_count": {
		"awsEBS": 0,
		"azureDisk": 0,
		"azureFile": 0,
		"ceph": 0,
		"cinder": 0,
		"csi": 0,
		"fc": 0,
		"flexVolume": 0,
		"flocker": 0,
		"gcePD": 0,
		"gluster": 0,
		"hostPath": 0,
		"iSCSI": 0,
		"local": 0,
		"nfs": 0,
		"photon": 0,
		"portworx": 0,
		"quobyte": 0,
		"rbd": 0,
		"scaleio": 0,
		"storageOS": 0,
		"vSphere": 0
	},
	"kube_pvc_count": 0,
	"kube_replica_set_count": 3,
	"kube_replication_controller_count": 0,
	"kube_secret_count": 1,
	"kube_service_account_count": 41,
	"kube_service_count": 7,
	"kube_stack_count": 0,
	"kube_stateful_set_count": 0,
	"kube_system_pod_count": 6,
	"kube_win_worker_node_count": 0,
	"kube_worker_node_count": 1,
	"ldap_enabled": false,
	"license_id": "anonymous",
	"license_tier": "",
	"logging_driver": "json-file",
	"memory": 6.0329999999999995,
	"metallb_enabled": false,
	"mirantis_license_subject": "",
	"multus_cni_enabled": false,
	"network_attachment_definition_count": 0,
	"network_count": 7,
	"nginx_ingress_enabled": false,
	"nginx_ingress_tls_passthrough_enabled": false,
	"node_count": 2,
	"node_disk_information": {
		"nodes": [
			{
				"num_disks": 0,
				"total_disk_size_bytes": 0,
				"num_nvme_disks": 0,
				"total_nvme_size_bytes": 0,
				"raw_disks": null
			},
			{
				"num_disks": 0,
				"total_disk_size_bytes": 0,
				"num_nvme_disks": 0,
				"total_nvme_size_bytes": 0,
				"raw_disks": null
			}
		]
	},
	"node_local_dns_enabled": false,
	"node_statistics": [
		{
			"Name": "dtr",
			"ID": "5cd9e7c3-dc2f-45fd-b2ec-b83e8903be96|157.245.98.197:12376",
			"CPUUsed": "13.978306372087651",
			"MemUsed": "37.17710803917871"
		},
		{
			"Name": "ucp",
			"ID": "50fd57d7-ff6c-4f49-9197-035ec6b718b0|157.245.102.235:12376",
			"CPUUsed": "9.98057155695713",
			"MemUsed": "37.96292694215602"
		}
	],
	"oidc_enabled": false,
	"orca_version": "3.7.11 (479b578)",
	"org_count": 1,
	"os": "Ubuntu 24.04 LTS",
	"os_architecture": "x86_64",
	"os_type": "linux",
	"saml_enabled": false,
	"saml_idp": "",
	"saml_proxy_enabled": false,
	"scim_enabled": false,
	"secret_count": 1,
	"server_type": "Docker Engine - Community",
	"service_count": 11,
	"swarm_gmsa_service_count": 0,
	"swarm_gpu_node_count": 0,
	"swarm_linux_worker_node_count": 1,
	"swarm_only": false,
	"swarm_stack_count": 0,
	"swarm_version": "swarm/1.3.0",
	"swarm_win_worker_node_count": 0,
	"swarm_worker_node_count": 1,
	"swarmclassic_container_count": 9,
	"swarmkit_container_count": 0,
	"system_container_count": 50,
	"task_count": 5,
	"unmanaged_cni": false,
	"user_count": 1,
	"users_logged_into_ucp_count": 2,
	"volume_count": 19
}