[
    {
        "db": "dtr2",
        "id": "040ae930-59b7-46bd-8562-633798b6af62",
        "name": "poll_mirroring_policies",
        "raft_leader": "dtr_rethinkdb_0b7e97060ef7",
        "shards": [
            {
                "primary_replicas": [
                    "dtr_rethinkdb_0b7e97060ef7"
                ],
                "replicas": [
                    {
                        "server": "dtr_rethinkdb_0b7e97060ef7",
                        "state": "ready"
                    }
                ]
            }
        ],
        "status": {
            "all_replicas_ready": true,
            "ready_for_outdated_reads": true,
            "ready_for_reads": true,
            "ready_for_writes": true
        }
    },
    {
        "db": "dtr2",
        "id": "0d15ca96-cad0-4fdd-8b2f-e337b9c03226",
        "name": "repositories",
        "raft_leader": "dtr_rethinkdb_0b7e97060ef7",
        "shards": [
            {
                "primary_replicas": [
                    "dtr_rethinkdb_0b7e97060ef7"
                ],
                "replicas": [
                    {
                        "server": "dtr_rethinkdb_0b7e97060ef7",
                        "state": "ready"
                    }
                ]
            }
        ],
        "status": {
            "all_replicas_ready": true,
            "ready_for_outdated_reads": true,
            "ready_for_reads": true,
            "ready_for_writes": true
        }
    },
    {
        "db": "dtr2",
        "id": "1699454a-b18e-471b-8fbb-70f56f8020f2",
        "name": "metrics",
        "raft_leader": "dtr_rethinkdb_0b7e97060ef7",
        "shards": [
            {
                "primary_replicas": [
                    "dtr_rethinkdb_0b7e97060ef7"
                ],
                "replicas": [
                    {
                        "server": "dtr_rethinkdb_0b7e97060ef7",
                        "state": "ready"
                    }
                ]
            }
        ],
        "status": {
            "all_replicas_ready": true,
            "ready_for_outdated_reads": true,
            "ready_for_reads": true,
            "ready_for_writes": true
        }
    },
    {
        "db": "notaryserver",
        "id": "1a1c3e97-956b-4f3b-a533-52a0a19be388",
        "name": "tuf_files",
        "raft_leader": "dtr_rethinkdb_0b7e97060ef7",
        "shards": [
            {
                "primary_replicas": [
                    "dtr_rethinkdb_0b7e97060ef7"
                ],
                "replicas": [
                    {
                        "server": "dtr_rethinkdb_0b7e97060ef7",
                        "state": "ready"
                    }
                ]
            }
        ],
        "status": {
            "all_replicas_ready": true,
            "ready_for_outdated_reads": true,
            "ready_for_reads": true,
            "ready_for_writes": true
        }
    },
    {
        "db": "dtr2",
        "id": "1ff6a057-4edf-4834-870c-a0e29e5e159f",
        "name": "content_caches",
        "raft_leader": "dtr_rethinkdb_0b7e97060ef7",
        "shards": [
            {
                "primary_replicas": [
                    "dtr_rethinkdb_0b7e97060ef7"
                ],
                "replicas": [
                    {
                        "server": "dtr_rethinkdb_0b7e97060ef7",
                        "state": "ready"
                    }
                ]
            }
        ],
        "status": {
            "all_replicas_ready": true,
            "ready_for_outdated_reads": true,
            "ready_for_reads": true,
            "ready_for_writes": true
        }
    },
    {
        "db": "dtr2",
        "id": "21d80ba8-8990-4178-81f5-30043a174887",
        "name": "blob_links",
        "raft_leader": "dtr_rethinkdb_0b7e97060ef7",
        "shards": [
            {
                "primary_replicas": [
                    "dtr_rethinkdb_0b7e97060ef7"
                ],
                "replicas": [
                    {
                        "server": "dtr_rethinkdb_0b7e97060ef7",
                        "state": "ready"
                    }
                ]
            }
        ],
        "status": {
            "all_replicas_ready": true,
            "ready_for_outdated_reads": true,
            "ready_for_reads": true,
            "ready_for_writes": true
        }
    },
    {
        "db": "dtr2",
        "id": "39ce67d7-070f-4dcd-98a3-c2f674c4366d",
        "name": "promotion_policies",
        "raft_leader": "dtr_rethinkdb_0b7e97060ef7",
        "shards": [
            {
                "primary_replicas": [
                    "dtr_rethinkdb_0b7e97060ef7"
                ],
                "replicas": [
                    {
                        "server": "dtr_rethinkdb_0b7e97060ef7",
                        "state": "ready"
                    }
                ]
            }
        ],
        "status": {
            "all_replicas_ready": true,
            "ready_for_outdated_reads": true,
            "ready_for_reads": true,
            "ready_for_writes": true
        }
    },
    {
        "db": "jobrunner",
        "id": "3ec37f2a-f227-4d23-9fea-4c204ea4b15c",
        "name": "jobs",
        "raft_leader": "dtr_rethinkdb_0b7e97060ef7",
        "shards": [
            {
                "primary_replicas": [
                    "dtr_rethinkdb_0b7e97060ef7"
                ],
                "replicas": [
                    {
                        "server": "dtr_rethinkdb_0b7e97060ef7",
                        "state": "ready"
                    }
                ]
            }
        ],
        "status": {
            "all_replicas_ready": true,
            "ready_for_outdated_reads": true,
            "ready_for_reads": true,
            "ready_for_writes": true
        }
    },
    {
        "db": "dtr2",
        "id": "3f7c46de-3ab5-4a6b-8602-6a024dfd7c61",
        "name": "scanned_layers",
        "raft_leader": "dtr_rethinkdb_0b7e97060ef7",
        "shards": [
            {
                "primary_replicas": [
                    "dtr_rethinkdb_0b7e97060ef7"
                ],
                "replicas": [
                    {
                        "server": "dtr_rethinkdb_0b7e97060ef7",
                        "state": "ready"
                    }
                ]
            }
        ],
        "status": {
            "all_replicas_ready": true,
            "ready_for_outdated_reads": true,
            "ready_for_reads": true,
            "ready_for_writes": true
        }
    },
    {
        "db": "dtr2",
        "id": "4406a204-bf51-4ac0-838a-1e245dbcbc29",
        "name": "push_mirroring_policies",
        "raft_leader": "dtr_rethinkdb_0b7e97060ef7",
        "shards": [
            {
                "primary_replicas": [
                    "dtr_rethinkdb_0b7e97060ef7"
                ],
                "replicas": [
                    {
                        "server": "dtr_rethinkdb_0b7e97060ef7",
                        "state": "ready"
                    }
                ]
            }
        ],
        "status": {
            "all_replicas_ready": true,
            "ready_for_outdated_reads": true,
            "ready_for_reads": true,
            "ready_for_writes": true
        }
    },
    {
        "db": "dtr2",
        "id": "491d5a99-2dab-4d32-a4f1-89acb81d8e98",
        "name": "blobs",
        "raft_leader": "dtr_rethinkdb_0b7e97060ef7",
        "shards": [
            {
                "primary_replicas": [
                    "dtr_rethinkdb_0b7e97060ef7"
                ],
                "replicas": [
                    {
                        "server": "dtr_rethinkdb_0b7e97060ef7",
                        "state": "ready"
                    }
                ]
            }
        ],
        "status": {
            "all_replicas_ready": true,
            "ready_for_outdated_reads": true,
            "ready_for_reads": true,
            "ready_for_writes": true
        }
    },
    {
        "db": "jobrunner",
        "id": "4aa356ea-8730-4030-a9f4-5c44cd2b9eeb",
        "name": "action_configs",
        "raft_leader": "dtr_rethinkdb_0b7e97060ef7",
        "shards": [
            {
                "primary_replicas": [
                    "dtr_rethinkdb_0b7e97060ef7"
                ],
                "replicas": [
                    {
                        "server": "dtr_rethinkdb_0b7e97060ef7",
                        "state": "ready"
                    }
                ]
            }
        ],
        "status": {
            "all_replicas_ready": true,
            "ready_for_outdated_reads": true,
            "ready_for_reads": true,
            "ready_for_writes": true
        }
    },
    {
        "db": "dtr2",
        "id": "7346aa16-254c-4540-9f5f-61e7c278a799",
        "name": "layer_vuln_overrides",
        "raft_leader": "dtr_rethinkdb_0b7e97060ef7",
        "shards": [
            {
                "primary_replicas": [
                    "dtr_rethinkdb_0b7e97060ef7"
                ],
                "replicas": [
                    {
                        "server": "dtr_rethinkdb_0b7e97060ef7",
                        "state": "ready"
                    }
                ]
            }
        ],
        "status": {
            "all_replicas_ready": true,
            "ready_for_outdated_reads": true,
            "ready_for_reads": true,
            "ready_for_writes": true
        }
    },
    {
        "db": "notaryserver",
        "id": "73d8c608-369c-4b44-b51d-74011b8a4443",
        "name": "changefeed",
        "raft_leader": "dtr_rethinkdb_0b7e97060ef7",
        "shards": [
            {
                "primary_replicas": [
                    "dtr_rethinkdb_0b7e97060ef7"
                ],
                "replicas": [
                    {
                        "server": "dtr_rethinkdb_0b7e97060ef7",
                        "state": "ready"
                    }
                ]
            }
        ],
        "status": {
            "all_replicas_ready": true,
            "ready_for_outdated_reads": true,
            "ready_for_reads": true,
            "ready_for_writes": true
        }
    },
    {
        "db": "dtr2",
        "id": "7695c42a-a0a3-4582-896a-cd38fda38ab3",
        "name": "helm_charts",
        "raft_leader": "dtr_rethinkdb_0b7e97060ef7",
        "shards": [
            {
                "primary_replicas": [
                    "dtr_rethinkdb_0b7e97060ef7"
                ],
                "replicas": [
                    {
                        "server": "dtr_rethinkdb_0b7e97060ef7",
                        "state": "ready"
                    }
                ]
            }
        ],
        "status": {
            "all_replicas_ready": true,
            "ready_for_outdated_reads": true,
            "ready_for_reads": true,
            "ready_for_writes": true
        }
    },
    {
        "db": "dtr2",
        "id": "7f3b8ec4-f2a7-411d-a73e-5233c1bbdb62",
        "name": "repository_team_access",
        "raft_leader": "dtr_rethinkdb_0b7e97060ef7",
        "shards": [
            {
                "primary_replicas": [
                    "dtr_rethinkdb_0b7e97060ef7"
                ],
                "replicas": [
                    {
                        "server": "dtr_rethinkdb_0b7e97060ef7",
                        "state": "ready"
                    }
                ]
            }
        ],
        "status": {
            "all_replicas_ready": true,
            "ready_for_outdated_reads": true,
            "ready_for_reads": true,
            "ready_for_writes": true
        }
    },
    {
        "db": "dtr2",
        "id": "83f24d97-4c76-430a-93c4-5d9edbceea9f",
        "name": "client_tokens",
        "raft_leader": "dtr_rethinkdb_0b7e97060ef7",
        "shards": [
            {
                "primary_replicas": [
                    "dtr_rethinkdb_0b7e97060ef7"
                ],
                "replicas": [
                    {
                        "server": "dtr_rethinkdb_0b7e97060ef7",
                        "state": "ready"
                    }
                ]
            }
        ],
        "status": {
            "all_replicas_ready": true,
            "ready_for_outdated_reads": true,
            "ready_for_reads": true,
            "ready_for_writes": true
        }
    },
    {
        "db": "dtr2",
        "id": "866d711e-24a6-4f63-b37c-d29da72c6c19",
        "name": "webhooks",
        "raft_leader": "dtr_rethinkdb_0b7e97060ef7",
        "shards": [
            {
                "primary_replicas": [
                    "dtr_rethinkdb_0b7e97060ef7"
                ],
                "replicas": [
                    {
                        "server": "dtr_rethinkdb_0b7e97060ef7",
                        "state": "ready"
                    }
                ]
            }
        ],
        "status": {
            "all_replicas_ready": true,
            "ready_for_outdated_reads": true,
            "ready_for_reads": true,
            "ready_for_writes": true
        }
    },
    {
        "db": "dtr2",
        "id": "9341613a-d3a4-4f9c-845a-fd50be86be67",
        "name": "events",
        "raft_leader": "dtr_rethinkdb_0b7e97060ef7",
        "shards": [
            {
                "primary_replicas": [
                    "dtr_rethinkdb_0b7e97060ef7"
                ],
                "replicas": [
                    {
                        "server": "dtr_rethinkdb_0b7e97060ef7",
                        "state": "ready"
                    }
                ]
            }
        ],
        "status": {
            "all_replicas_ready": true,
            "ready_for_outdated_reads": true,
            "ready_for_reads": true,
            "ready_for_writes": true
        }
    },
    {
        "db": "jobrunner",
        "id": "98b86963-b42e-4362-b147-661c8ff7c732",
        "name": "workers",
        "raft_leader": "dtr_rethinkdb_0b7e97060ef7",
        "shards": [
            {
                "primary_replicas": [
                    "dtr_rethinkdb_0b7e97060ef7"
                ],
                "replicas": [
                    {
                        "server": "dtr_rethinkdb_0b7e97060ef7",
                        "state": "ready"
                    }
                ]
            }
        ],
        "status": {
            "all_replicas_ready": true,
            "ready_for_outdated_reads": true,
            "ready_for_reads": true,
            "ready_for_writes": true
        }
    },
    {
        "db": "dtr2",
        "id": "9e5567b6-6808-4319-a38c-43958cba8c70",
        "name": "properties",
        "raft_leader": "dtr_rethinkdb_0b7e97060ef7",
        "shards": [
            {
                "primary_replicas": [
                    "dtr_rethinkdb_0b7e97060ef7"
                ],
                "replicas": [
                    {
                        "server": "dtr_rethinkdb_0b7e97060ef7",
                        "state": "ready"
                    }
                ]
            }
        ],
        "status": {
            "all_replicas_ready": true,
            "ready_for_outdated_reads": true,
            "ready_for_reads": true,
            "ready_for_writes": true
        }
    },
    {
        "db": "notarysigner",
        "id": "a672c49e-a566-4d86-a41c-8ff55b68993f",
        "name": "private_keys",
        "raft_leader": "dtr_rethinkdb_0b7e97060ef7",
        "shards": [
            {
                "primary_replicas": [
                    "dtr_rethinkdb_0b7e97060ef7"
                ],
                "replicas": [
                    {
                        "server": "dtr_rethinkdb_0b7e97060ef7",
                        "state": "ready"
                    }
                ]
            }
        ],
        "status": {
            "all_replicas_ready": true,
            "ready_for_outdated_reads": true,
            "ready_for_reads": true,
            "ready_for_writes": true
        }
    },
    {
        "db": "jobrunner",
        "id": "b3740ad6-c83e-42c3-8886-8c372b2efdcd",
        "name": "joblogs",
        "raft_leader": "dtr_rethinkdb_0b7e97060ef7",
        "shards": [
            {
                "primary_replicas": [
                    "dtr_rethinkdb_0b7e97060ef7"
                ],
                "replicas": [
                    {
                        "server": "dtr_rethinkdb_0b7e97060ef7",
                        "state": "ready"
                    }
                ]
            }
        ],
        "status": {
            "all_replicas_ready": true,
            "ready_for_outdated_reads": true,
            "ready_for_reads": true,
            "ready_for_writes": true
        }
    },
    {
        "db": "dtr2",
        "id": "b46e21f4-a536-4010-a765-40cbc13602b8",
        "name": "namespace_team_access",
        "raft_leader": "dtr_rethinkdb_0b7e97060ef7",
        "shards": [
            {
                "primary_replicas": [
                    "dtr_rethinkdb_0b7e97060ef7"
                ],
                "replicas": [
                    {
                        "server": "dtr_rethinkdb_0b7e97060ef7",
                        "state": "ready"
                    }
                ]
            }
        ],
        "status": {
            "all_replicas_ready": true,
            "ready_for_outdated_reads": true,
            "ready_for_reads": true,
            "ready_for_writes": true
        }
    },
    {
        "db": "dtr2",
        "id": "bb34fbed-25c3-40a1-98e3-e1dd665fc202",
        "name": "pruning_policies",
        "raft_leader": "dtr_rethinkdb_0b7e97060ef7",
        "shards": [
            {
                "primary_replicas": [
                    "dtr_rethinkdb_0b7e97060ef7"
                ],
                "replicas": [
                    {
                        "server": "dtr_rethinkdb_0b7e97060ef7",
                        "state": "ready"
                    }
                ]
            }
        ],
        "status": {
            "all_replicas_ready": true,
            "ready_for_outdated_reads": true,
            "ready_for_reads": true,
            "ready_for_writes": true
        }
    },
    {
        "db": "dtr2",
        "id": "d37be5ed-19ce-4df2-a3c1-4b8415ec6ebc",
        "name": "user_settings",
        "raft_leader": "dtr_rethinkdb_0b7e97060ef7",
        "shards": [
            {
                "primary_replicas": [
                    "dtr_rethinkdb_0b7e97060ef7"
                ],
                "replicas": [
                    {
                        "server": "dtr_rethinkdb_0b7e97060ef7",
                        "state": "ready"
                    }
                ]
            }
        ],
        "status": {
            "all_replicas_ready": true,
            "ready_for_outdated_reads": true,
            "ready_for_reads": true,
            "ready_for_writes": true
        }
    },
    {
        "db": "dtr2",
        "id": "dfe63fa9-ce99-4b78-8775-7c21a4560ec1",
        "name": "tags",
        "raft_leader": "dtr_rethinkdb_0b7e97060ef7",
        "shards": [
            {
                "primary_replicas": [
                    "dtr_rethinkdb_0b7e97060ef7"
                ],
                "replicas": [
                    {
                        "server": "dtr_rethinkdb_0b7e97060ef7",
                        "state": "ready"
                    }
                ]
            }
        ],
        "status": {
            "all_replicas_ready": true,
            "ready_for_outdated_reads": true,
            "ready_for_reads": true,
            "ready_for_writes": true
        }
    },
    {
        "db": "dtr2",
        "id": "e86487a4-d406-4ea4-97a9-70c5d33d309b",
        "name": "scanned_images",
        "raft_leader": "dtr_rethinkdb_0b7e97060ef7",
        "shards": [
            {
                "primary_replicas": [
                    "dtr_rethinkdb_0b7e97060ef7"
                ],
                "replicas": [
                    {
                        "server": "dtr_rethinkdb_0b7e97060ef7",
                        "state": "ready"
                    }
                ]
            }
        ],
        "status": {
            "all_replicas_ready": true,
            "ready_for_outdated_reads": true,
            "ready_for_reads": true,
            "ready_for_writes": true
        }
    },
    {
        "db": "jobrunner",
        "id": "ee08bc26-f511-4dc1-801d-4cb4d513932b",
        "name": "crons",
        "raft_leader": "dtr_rethinkdb_0b7e97060ef7",
        "shards": [
            {
                "primary_replicas": [
                    "dtr_rethinkdb_0b7e97060ef7"
                ],
                "replicas": [
                    {
                        "server": "dtr_rethinkdb_0b7e97060ef7",
                        "state": "ready"
                    }
                ]
            }
        ],
        "status": {
            "all_replicas_ready": true,
            "ready_for_outdated_reads": true,
            "ready_for_reads": true,
            "ready_for_writes": true
        }
    },
    {
        "db": "dtr2",
        "id": "fa21cfa1-9513-4095-8a1c-58cdee28cae9",
        "name": "manifests",
        "raft_leader": "dtr_rethinkdb_0b7e97060ef7",
        "shards": [
            {
                "primary_replicas": [
                    "dtr_rethinkdb_0b7e97060ef7"
                ],
                "replicas": [
                    {
                        "server": "dtr_rethinkdb_0b7e97060ef7",
                        "state": "ready"
                    }
                ]
            }
        ],
        "status": {
            "all_replicas_ready": true,
            "ready_for_outdated_reads": true,
            "ready_for_reads": true,
            "ready_for_writes": true
        }
    }
]