{
  "server_status": [
    {
      "ID": "475abcc6-a789-46e8-963c-12497c5c7cc6",
      "Name": "ucp_auth_store_157_245_102_235",
      "Network": {
        "CanonicalAddresses": [
          {
            "Host": "157.245.102.235",
            "Port": 12384
          }
        ],
        "TimeConnected": "2024-07-29T09:05:58.58Z"
      }
    }
  ],
  "table_status": [
    {
      "db": "078d405e-5910-439e-b654-45ecb13bc07a",
      "id": "fa786a33-1191-4651-bf5f-67e5ae4f5472",
      "name": "sessions",
      "raft_leader": "475abcc6-a789-46e8-963c-12497c5c7cc6",
      "shards": [
        {
          "primary_replicas": [
            "475abcc6-a789-46e8-963c-12497c5c7cc6"
          ],
          "replicas": [
            {
              "server": "475abcc6-a789-46e8-963c-12497c5c7cc6",
              "state": "ready"
            }
          ]
        }
      ],
      "status": {
        "all_replicas_ready": true,
        "ready_for_outdated_reads": true,
        "ready_for_reads": true,
        "ready_for_writes": true
      },
      "num_records": 2
    },
    {
      "db": "078d405e-5910-439e-b654-45ecb13bc07a",
      "id": "a8ba429d-5050-4adf-b280-d8d145be2d98",
      "name": "signing_keys",
      "raft_leader": "475abcc6-a789-46e8-963c-12497c5c7cc6",
      "shards": [
        {
          "primary_replicas": [
            "475abcc6-a789-46e8-963c-12497c5c7cc6"
          ],
          "replicas": [
            {
              "server": "475abcc6-a789-46e8-963c-12497c5c7cc6",
              "state": "ready"
            }
          ]
        }
      ],
      "status": {
        "all_replicas_ready": true,
        "ready_for_outdated_reads": true,
        "ready_for_reads": true,
        "ready_for_writes": true
      },
      "num_records": 1
    },
    {
      "db": "078d405e-5910-439e-b654-45ecb13bc07a",
      "id": "cd86d285-184e-407f-986c-6148cd3dd60a",
      "name": "service_auth_codes",
      "raft_leader": "475abcc6-a789-46e8-963c-12497c5c7cc6",
      "shards": [
        {
          "primary_replicas": [
            "475abcc6-a789-46e8-963c-12497c5c7cc6"
          ],
          "replicas": [
            {
              "server": "475abcc6-a789-46e8-963c-12497c5c7cc6",
              "state": "ready"
            }
          ]
        }
      ],
      "status": {
        "all_replicas_ready": true,
        "ready_for_outdated_reads": true,
        "ready_for_reads": true,
        "ready_for_writes": true
      },
      "num_records": 0
    },
    {
      "db": "078d405e-5910-439e-b654-45ecb13bc07a",
      "id": "e350b14e-ed85-433a-98f0-540790973585",
      "name": "service_keys",
      "raft_leader": "475abcc6-a789-46e8-963c-12497c5c7cc6",
      "shards": [
        {
          "primary_replicas": [
            "475abcc6-a789-46e8-963c-12497c5c7cc6"
          ],
          "replicas": [
            {
              "server": "475abcc6-a789-46e8-963c-12497c5c7cc6",
              "state": "ready"
            }
          ]
        }
      ],
      "status": {
        "all_replicas_ready": true,
        "ready_for_outdated_reads": true,
        "ready_for_reads": true,
        "ready_for_writes": true
      },
      "num_records": 0
    },
    {
      "db": "078d405e-5910-439e-b654-45ecb13bc07a",
      "id": "b435034b-dfae-4a68-81d9-2af81b667e3b",
      "name": "service_sessions",
      "raft_leader": "475abcc6-a789-46e8-963c-12497c5c7cc6",
      "shards": [
        {
          "primary_replicas": [
            "475abcc6-a789-46e8-963c-12497c5c7cc6"
          ],
          "replicas": [
            {
              "server": "475abcc6-a789-46e8-963c-12497c5c7cc6",
              "state": "ready"
            }
          ]
        }
      ],
      "status": {
        "all_replicas_ready": true,
        "ready_for_outdated_reads": true,
        "ready_for_reads": true,
        "ready_for_writes": true
      },
      "num_records": 0
    },
    {
      "db": "078d405e-5910-439e-b654-45ecb13bc07a",
      "id": "bb5948ca-f186-4f11-a289-bf152a19092e",
      "name": "team_membership",
      "raft_leader": "475abcc6-a789-46e8-963c-12497c5c7cc6",
      "shards": [
        {
          "primary_replicas": [
            "475abcc6-a789-46e8-963c-12497c5c7cc6"
          ],
          "replicas": [
            {
              "server": "475abcc6-a789-46e8-963c-12497c5c7cc6",
              "state": "ready"
            }
          ]
        }
      ],
      "status": {
        "all_replicas_ready": true,
        "ready_for_outdated_reads": true,
        "ready_for_reads": true,
        "ready_for_writes": true
      },
      "num_records": 0
    },
    {
      "db": "078d405e-5910-439e-b654-45ecb13bc07a",
      "id": "533b9f92-0782-4f56-9e2a-7dcd3f9be087",
      "name": "properties",
      "raft_leader": "475abcc6-a789-46e8-963c-12497c5c7cc6",
      "shards": [
        {
          "primary_replicas": [
            "475abcc6-a789-46e8-963c-12497c5c7cc6"
          ],
          "replicas": [
            {
              "server": "475abcc6-a789-46e8-963c-12497c5c7cc6",
              "state": "ready"
            }
          ]
        }
      ],
      "status": {
        "all_replicas_ready": true,
        "ready_for_outdated_reads": true,
        "ready_for_reads": true,
        "ready_for_writes": true
      },
      "num_records": 4
    },
    {
      "db": "fa147e0f-4e31-4ed5-b96c-b58f78c474dc",
      "id": "8702eb74-be3f-4a1f-b9a0-b60018433a78",
      "name": "backups",
      "raft_leader": "475abcc6-a789-46e8-963c-12497c5c7cc6",
      "shards": [
        {
          "primary_replicas": [
            "475abcc6-a789-46e8-963c-12497c5c7cc6"
          ],
          "replicas": [
            {
              "server": "475abcc6-a789-46e8-963c-12497c5c7cc6",
              "state": "ready"
            }
          ]
        }
      ],
      "status": {
        "all_replicas_ready": true,
        "ready_for_outdated_reads": true,
        "ready_for_reads": true,
        "ready_for_writes": true
      },
      "num_records": 0
    },
    {
      "db": "078d405e-5910-439e-b654-45ecb13bc07a",
      "id": "6e13f2f1-5b7f-4904-ac6d-445cd601be68",
      "name": "services",
      "raft_leader": "475abcc6-a789-46e8-963c-12497c5c7cc6",
      "shards": [
        {
          "primary_replicas": [
            "475abcc6-a789-46e8-963c-12497c5c7cc6"
          ],
          "replicas": [
            {
              "server": "475abcc6-a789-46e8-963c-12497c5c7cc6",
              "state": "ready"
            }
          ]
        }
      ],
      "status": {
        "all_replicas_ready": true,
        "ready_for_outdated_reads": true,
        "ready_for_reads": true,
        "ready_for_writes": true
      },
      "num_records": 2
    },
    {
      "db": "078d405e-5910-439e-b654-45ecb13bc07a",
      "id": "eae60f01-514d-4718-b6af-f8ba75b30946",
      "name": "service_agents",
      "raft_leader": "475abcc6-a789-46e8-963c-12497c5c7cc6",
      "shards": [
        {
          "primary_replicas": [
            "475abcc6-a789-46e8-963c-12497c5c7cc6"
          ],
          "replicas": [
            {
              "server": "475abcc6-a789-46e8-963c-12497c5c7cc6",
              "state": "ready"
            }
          ]
        }
      ],
      "status": {
        "all_replicas_ready": true,
        "ready_for_outdated_reads": true,
        "ready_for_reads": true,
        "ready_for_writes": true
      },
      "num_records": 0
    },
    {
      "db": "fa147e0f-4e31-4ed5-b96c-b58f78c474dc",
      "id": "ed2624c4-f87f-4474-84d1-0530db12b0e6",
      "name": "userDefaultCollection",
      "raft_leader": "475abcc6-a789-46e8-963c-12497c5c7cc6",
      "shards": [
        {
          "primary_replicas": [
            "475abcc6-a789-46e8-963c-12497c5c7cc6"
          ],
          "replicas": [
            {
              "server": "475abcc6-a789-46e8-963c-12497c5c7cc6",
              "state": "ready"
            }
          ]
        }
      ],
      "status": {
        "all_replicas_ready": true,
        "ready_for_outdated_reads": true,
        "ready_for_reads": true,
        "ready_for_writes": true
      },
      "num_records": 1
    },
    {
      "db": "078d405e-5910-439e-b654-45ecb13bc07a",
      "id": "e43bc673-ff15-46c8-b419-293f7bc5dea0",
      "name": "account_public_keys",
      "raft_leader": "475abcc6-a789-46e8-963c-12497c5c7cc6",
      "shards": [
        {
          "primary_replicas": [
            "475abcc6-a789-46e8-963c-12497c5c7cc6"
          ],
          "replicas": [
            {
              "server": "475abcc6-a789-46e8-963c-12497c5c7cc6",
              "state": "ready"
            }
          ]
        }
      ],
      "status": {
        "all_replicas_ready": true,
        "ready_for_outdated_reads": true,
        "ready_for_reads": true,
        "ready_for_writes": true
      },
      "num_records": 0
    },
    {
      "db": "078d405e-5910-439e-b654-45ecb13bc07a",
      "id": "b2e8cc5c-5776-4f78-ab5d-c344a0d46c27",
      "name": "org_membership",
      "raft_leader": "475abcc6-a789-46e8-963c-12497c5c7cc6",
      "shards": [
        {
          "primary_replicas": [
            "475abcc6-a789-46e8-963c-12497c5c7cc6"
          ],
          "replicas": [
            {
              "server": "475abcc6-a789-46e8-963c-12497c5c7cc6",
              "state": "ready"
            }
          ]
        }
      ],
      "status": {
        "all_replicas_ready": true,
        "ready_for_outdated_reads": true,
        "ready_for_reads": true,
        "ready_for_writes": true
      },
      "num_records": 1
    },
    {
      "db": "078d405e-5910-439e-b654-45ecb13bc07a",
      "id": "26cfdb7a-ecf7-418a-a644-2e5978c08c79",
      "name": "accounts",
      "raft_leader": "475abcc6-a789-46e8-963c-12497c5c7cc6",
      "shards": [
        {
          "primary_replicas": [
            "475abcc6-a789-46e8-963c-12497c5c7cc6"
          ],
          "replicas": [
            {
              "server": "475abcc6-a789-46e8-963c-12497c5c7cc6",
              "state": "ready"
            }
          ]
        }
      ],
      "status": {
        "all_replicas_ready": true,
        "ready_for_outdated_reads": true,
        "ready_for_reads": true,
        "ready_for_writes": true
      },
      "num_records": 2
    },
    {
      "db": "078d405e-5910-439e-b654-45ecb13bc07a",
      "id": "d2a67626-1eba-4def-ae9a-2a6955a3b316",
      "name": "grants",
      "raft_leader": "475abcc6-a789-46e8-963c-12497c5c7cc6",
      "shards": [
        {
          "primary_replicas": [
            "475abcc6-a789-46e8-963c-12497c5c7cc6"
          ],
          "replicas": [
            {
              "server": "475abcc6-a789-46e8-963c-12497c5c7cc6",
              "state": "ready"
            }
          ]
        }
      ],
      "status": {
        "all_replicas_ready": true,
        "ready_for_outdated_reads": true,
        "ready_for_reads": true,
        "ready_for_writes": true
      },
      "num_records": 4
    },
    {
      "db": "fa147e0f-4e31-4ed5-b96c-b58f78c474dc",
      "id": "df64f5ef-1416-4617-b675-01818253b025",
      "name": "collections",
      "raft_leader": "475abcc6-a789-46e8-963c-12497c5c7cc6",
      "shards": [
        {
          "primary_replicas": [
            "475abcc6-a789-46e8-963c-12497c5c7cc6"
          ],
          "replicas": [
            {
              "server": "475abcc6-a789-46e8-963c-12497c5c7cc6",
              "state": "ready"
            }
          ]
        }
      ],
      "status": {
        "all_replicas_ready": true,
        "ready_for_outdated_reads": true,
        "ready_for_reads": true,
        "ready_for_writes": true
      },
      "num_records": 5
    },
    {
      "db": "078d405e-5910-439e-b654-45ecb13bc07a",
      "id": "b9f9bbe1-3351-4e82-a6ac-d3b6ae4967d2",
      "name": "grant_objects",
      "raft_leader": "475abcc6-a789-46e8-963c-12497c5c7cc6",
      "shards": [
        {
          "primary_replicas": [
            "475abcc6-a789-46e8-963c-12497c5c7cc6"
          ],
          "replicas": [
            {
              "server": "475abcc6-a789-46e8-963c-12497c5c7cc6",
              "state": "ready"
            }
          ]
        }
      ],
      "status": {
        "all_replicas_ready": true,
        "ready_for_outdated_reads": true,
        "ready_for_reads": true,
        "ready_for_writes": true
      },
      "num_records": 6
    },
    {
      "db": "078d405e-5910-439e-b654-45ecb13bc07a",
      "id": "8a5b57d9-b9ef-48a2-8d10-1d1ea727e55a",
      "name": "jobs",
      "raft_leader": "475abcc6-a789-46e8-963c-12497c5c7cc6",
      "shards": [
        {
          "primary_replicas": [
            "475abcc6-a789-46e8-963c-12497c5c7cc6"
          ],
          "replicas": [
            {
              "server": "475abcc6-a789-46e8-963c-12497c5c7cc6",
              "state": "ready"
            }
          ]
        }
      ],
      "status": {
        "all_replicas_ready": true,
        "ready_for_outdated_reads": true,
        "ready_for_reads": true,
        "ready_for_writes": true
      },
      "num_records": 0
    },
    {
      "db": "078d405e-5910-439e-b654-45ecb13bc07a",
      "id": "396b684a-3198-4616-9e31-c83c5dc9f8b7",
      "name": "workers",
      "raft_leader": "475abcc6-a789-46e8-963c-12497c5c7cc6",
      "shards": [
        {
          "primary_replicas": [
            "475abcc6-a789-46e8-963c-12497c5c7cc6"
          ],
          "replicas": [
            {
              "server": "475abcc6-a789-46e8-963c-12497c5c7cc6",
              "state": "ready"
            }
          ]
        }
      ],
      "status": {
        "all_replicas_ready": true,
        "ready_for_outdated_reads": true,
        "ready_for_reads": true,
        "ready_for_writes": true
      },
      "num_records": 1
    },
    {
      "db": "078d405e-5910-439e-b654-45ecb13bc07a",
      "id": "1b0f0d5d-8827-49d4-976f-2309dc54b4e5",
      "name": "teams",
      "raft_leader": "475abcc6-a789-46e8-963c-12497c5c7cc6",
      "shards": [
        {
          "primary_replicas": [
            "475abcc6-a789-46e8-963c-12497c5c7cc6"
          ],
          "replicas": [
            {
              "server": "475abcc6-a789-46e8-963c-12497c5c7cc6",
              "state": "ready"
            }
          ]
        }
      ],
      "status": {
        "all_replicas_ready": true,
        "ready_for_outdated_reads": true,
        "ready_for_reads": true,
        "ready_for_writes": true
      },
      "num_records": 0
    }
  ]
}
